,title,link,company,posted,location,job_func,emp_type,job_desc
0,"Python Developer (WFH, Day Shift)",https://ph.jobstreet.com/job/82820300?type=standard&ref=search-standalone&origin=cardTitle#sol=3faf74c2fd84b03de69b7484cc59b7b98ac57877,Platserv PH,17d ago,Metro Manila,Developers/Programmers (Information &amp; Communication Technology),Full time,"<p>Platinum Outsourcing is an award winning, Australian owned and managed co sourcing BPO – operating out of both the Philippines and Indonesia. We are a fast growing scale-up, opening our first offices in the Philippines only 3 years ago (and growing to 155+ employees in that time).</p><p>We have plans to expand to 200+ employees within the next 3 to 6 months.</p><p>Our client is an Australian based, SaaS company, with team members in Australia, Vietnam, Philippines and India.</p><p><i><strong>We are seeking an mid level Python Developer , with experience within NoSQL databases.</strong></i></p><p><strong>About you:</strong></p><ul><li>3+ years of experience as a Python Developer with a strong portfolio of projects.</li><li>Bachelor's degree in Computer Science, Software Engineering or a related field</li><li>Experience with advanced Python programming&nbsp;concepts&nbsp;is essential.</li><li>Experience writing idiomatic Python code</li><li>In-depth understanding of the Python software development stacks, ecosystems, frameworks and tools.</li><li>Experience with Python data processing frameworks&nbsp;such as Pandas</li><li>Strong knowledge of&nbsp;database technologies, both SQL and NoSQL</li><li>Experience with writing complex SQL queries and performance&nbsp;tuning</li><li>Experience with Python project deployments and CI pipelines</li><li>Excellent problem-solving ability with solid communication and collaboration skills.</li></ul><p><strong>What we offer:</strong></p><p>&nbsp;</p><ul><li>Day shift, no weekends</li><li>Permanent WFH, or the option for hybrid or WFO</li><li>Above market remuneration</li><li>HMO Day 1 - Primary and Dependent&nbsp;</li><li>Performance incentives</li><li>Team building events and activities</li><li>Brand new IT equipment</li><li>15 days VL</li><li>5 days sick leave</li><li>13 month and all other government mandated benefits</li></ul><p>&nbsp;</p>"
1,Calculation  (Python) Developer,https://ph.jobstreet.com/job/83229524?type=standard&ref=search-standalone&origin=cardTitle#sol=bf7b262820404914b55ec5c383e10f3edb8a6f1a,Ascendion,21h ago,"Taguig City, Metro Manila",Developers/Programmers (Information &amp; Communication Technology),Full time,"<p><strong><em>Calculation Developer</em></strong></p><ul><li><p>Analyze client requirements and provide inputs in planning appropriate technical solution with focus on accuracy, build efficiency and maintainability of calculation implementation and letter configuration.</p></li><li><p>Deliver technical solutions for calculation automation implementation and letter configuration for new client enhancement support to existing clients under the supervision of senior members.</p></li><li><p>Resolve routine issues, escalating more complex problems to senior team members as appropriate.</p></li><li><p>Collaborate with several teams and developers, communication is required to support what is required in implementation with the supervision from senior team member.</p></li><li><p>In depth knowledge in different aspect for pension calculation development and letters configuration</p></li><li><p>Remain up to date with business and legislative requirements and interprets the practical impact to calculation development and letters configuration.</p></li><li><p>Develop relationship with other business areas to gain a strong understanding of products and services as well as key business process.</p></li><li><p>Share best practices of coding and development with the team to encourage continuous improvement and innovation.</p></li><li><p>Work in the line with ISO standards, TAS system, process quality requirements and compliance</p></li></ul>"
2,PYTHON DEVELOPER | WFH,https://ph.jobstreet.com/job/83172126?type=standard&ref=search-standalone&origin=cardTitle#sol=bd8fc42413a241a96046e48febb2248e2d280552,Satellite Office,3d ago,"Pasig City, Metro Manila",Developers/Programmers (Information &amp; Communication Technology),Full time,"<p><strong>PYTHON DEVELOPER&nbsp;</strong></p><p>Work for our global clients and immerse in our rich and diverse company culture where you can thrive, grow and just be aweSOme! Apply now and discover the Satellite Office Candidate Experience – recognized as one of BEST among BPO companies worldwide.<br>&nbsp;</p><p><strong>WHAT IS A PYTHON DEVELOPER?</strong></p><p>Our awesome client a company based in Australia is looking for a <strong>PHYTHON DEVELOPER &nbsp;</strong> to be part of their team.<br>&nbsp;</p><p><strong>Role Description and Responsibilities</strong></p><p>&nbsp;</p><p><strong>Expectations:</strong></p><ul><li>PowerBI would be good / SQL would be good</li><li>Integration work</li><li>No front-end development</li><li>Current Developer is on Python | but any language would be preferred</li><li>Logic Apps isn't primarily a must have if we find an extremely strong Developer</li><li>CosmosDB can be secondary to a really strong Developer</li></ul><p>&nbsp;</p><p><strong>Required Skills and Qualifications</strong></p><p><strong>Technical Skills</strong></p><p>Proficiency in programming languages like JavaScript, Java, C#, Python, etc</p><p>Proficiency writing database queries</p><p><strong>Experience</strong></p><p>Experience working with API’s</p><p>Experience with Azure Function and Logic Apps</p><p>Experience writing queries for SQL and Cosmos DB</p><p>Experience working with Microsoft 365 stack</p><p><strong>Personal Attributes</strong></p><p>Good communication skills</p><p>Debugging, error handling and general problem solving</p><p>&nbsp;</p>"
3,PYTHON DEVELOPER (Hybrid),https://ph.jobstreet.com/job/83052148?type=standard&ref=search-standalone&origin=cardTitle#sol=e8c65c1f67969553bdb2e926256d2b8c389e6bf3,"Innodata Knowledge Services, Inc.",8d ago,Metro Manila,Developers/Programmers (Information &amp; Communication Technology),Full time,"<p><strong>JOB OVERVIEW:</strong></p><p>We are seeking a highly skilled Python Developer to join our dynamic team. The ideal candidate will have extensive experience in developing scalable applications using Python, with a strong understanding of back-end development, data processing, and automation. The Python Developer will collaborate with cross-functional teams to design, implement, and maintain efficient and high-performance solutions.</p><p><strong>QUALIFICATIONS:</strong></p><p>· A Bachelor's degree in Computer Science, Software Engineering, or a related field.</p><p>· Minimum of 3 years of experience in Python development roles.</p><p>· Proficiency in Python frameworks such as Django, Flask, or FastAPI.</p><p>· Experience in building RESTful APIs and microservices architecture.</p><p>· Strong understanding of database management systems such as PostgreSQL, MySQL/MSSQL, or MongoDB.</p><p>· Knowledge of front-end technologies like HTML, CSS, and JavaScript is a plus.</p><p>· Familiarity with cloud platforms such as AWS, Azure, or Google Cloud.</p><p>· Hands-on experience with CI/CD pipelines and version control (Git).</p><p>· Strong debugging, problem-solving, and optimization skills.</p><p>· Experience working with Agile methodologies and tools like JIRA and Confluence.</p>"
4,Calculation Developer (Python Developer),https://ph.jobstreet.com/job/83011024?type=standard&ref=search-standalone&origin=cardTitle#sol=5221e3467f0b89fcd55762e66ff433ba0afdb9f8,Ascendion,9d ago,"Bonifacio Global City, Taguig City, Metro Manila",Developers/Programmers (Information &amp; Communication Technology),Full time,"<p>Job Description</p><ul><li>Bachelor’s degree or college undergraduate is required, preferably in a program with heavy emphasis on mathematics or business.</li><li>Previous work/projects regarding to benefits or insurance experience a plus</li><li>Experience with data entry, validation and manipulation (advanced Excel skills are essential)<br>Ability to ask the right questions and seek help where appropriate<br>Sense of accountability; owning one’s work and taking pride in it<br>Collaboration with a global team, include taking accountability for quality and on-time delivery of own work and involving other team members when appropriate<br>Structured problem solving and analytical thinking<br>Continuous improvement mindset – increasing task efficiency and effectiveness with each product or service repetition<br>Strong client service orientation<br>Strong client relationship, interpersonal and team skills<br>Able to work shift hours</li></ul>"
5,Python Developer for LLM Data Annotation/Generation,https://ph.jobstreet.com/job/82656789?type=standard&ref=search-standalone&origin=cardTitle#sol=db6223c3a7db115dabc8c6929e5b1b1808993aaa,Pointwest Innovations Corp.,23d ago,"Quezon City, Metro Manila",Developers/Programmers (Information &amp; Communication Technology),Full time,"<p>Position Summary</p><p><br>Role: Software Developer - Data Annotation / Generation Engineer</p><p><br>Nature of Project: LLM for Code Generation (Coding Projects Focus)</p><p><br>We are looking for experienced software developers to join our team and contribute to the advancement of artificial intelligence through the generation and curation of datasets to be used for coding generation. Successful candidates will be involved in creating, preparing, and assessing code-related datasets that our clients will use for their AI model training, ensuring that future AI coding assistants are accurate, efficient, and proficient in generating high-quality software development code.</p><p><br>Key Responsibilities:</p><ul><li>Tasks may vary between projects. Example tasks may include:</li><li>Generation of coding-related dialogue between humans and AI assistants</li><li>Test case creation for human and AI-generated code</li><li>Completion and repair of broken code</li><li>Evaluation of an AI model’s proposed solution for coding tasks based on a coding instruction prompt</li><li>Assessment of coding instruction prompts to ensure clarity and feasibility</li><li>Review and validation of the modifications made to a source code by an AI model to a coding instruction prompt</li><li>Detailed feedback on the and the corresponding response across multiple parameters, as defined by the client</li></ul><p><br>Qualifications:</p><ul><li><br>Bachelor’s Degree in Computer Science or equivalent work experience in software development</li><li>2 to 4 years of actual development experience in at least one of the following programming languages- Python, Java, JavaScript- with a strong understanding of data structures and language fundamentals</li><li>Technical lead experience in handling development teams</li><li>Performs code and design review ensuring best practices are observed by the development team</li><li>Experience with test-driven development</li><li>Experience with code optimization</li><li>Excellent command of the English language, with strong reading comprehension, and writing skills</li><li>Strong problem-solving and troubleshooting abilities</li><li>Ability to work in a fast-paced environment and meet tight deadlines</li><li>Outcome-driven focus with excellent time management and decision-making skills</li></ul><p><br>Preferred Qualifications:</p><ul><li>Experience in command-line development and deployment.</li><li>Experience in both front-end and back-end development is a plus</li><li>Experience with cloud services and modern development platforms</li><li>Experience in data annotation and labeling</li></ul><p><br>Looking for candidates with experience in any of the following areas:</p><p><br>Python</p><ul><li>Web development and deployment - Django, Flask</li><li>Data processing libraries - Pyspark, NumPy, SciPy, Pandas, Matplotlib</li><li>AI/ML libraries - TensorFlow, Scikit-Learn, Keras, OpenCV</li></ul><p><br>JavaScript</p><ul><li>TypeScript</li><li>Angular</li><li>ReactJS</li></ul><p><br>Java</p><ul><li>Spring Boot</li><li>Java 8 to Java 11 SE;</li><li>build and deployment to application servers</li><li>JUnit and Mock Testing</li></ul>"
6,Programmer (Software Developer Associate),https://ph.jobstreet.com/job/83235936?type=standard&ref=search-standalone&origin=cardTitle#sol=1fc2489981474f8d33ce64246684c928e8c4877a,Newport World Resorts,18h ago,"Pasay City, Metro Manila",Developers/Programmers (Information &amp; Communication Technology),Full time,"<p><strong>JOB SUMMARY</strong></p><p>The Software Developer Associate is responsible for the development, installation, maintenance, and modification of application programs that supports the company’s business requirements. This position is also responsible for gathering user requirements and project documentation in coordination with the users/requesting department.</p><p>&nbsp;</p><p><strong>RESPONSIBILITIES</strong></p><ol><li><p><strong>Software Development</strong></p><ul><li><p>Identify and analyze user requirements and create detailed program specifications that meet both functional and technical requirements.</p></li><li><p>Break down program specification into its simplest element and translate into programming language.&nbsp;</p></li><li><p>Write high quality source code using VB, .NET, ASP.NET, C#, SQL, JavaScript, HTML, XML and PHP to create software within the agreed timelines.</p></li><li><p>Document technical and functional specifications.</p></li><li><p>Evaluate and increase the program’s effectiveness by updating, repairing, modifying and developing existing generic applications.</p></li><li><p>Perform unit and integration testing during development.</p></li></ul></li><li><p><strong>Software Testing, Implementation, and Support</strong></p><ul><li><p>Conduct functional and non-functional testing of the software developed in a controlled staging environment prior to launch.</p></li><li><p>Assist user in User Acceptance Test (UAT) to ensure the program can be used easily.</p></li><li><p>Prepare test modules and user manuals.</p></li><li><p>Deploy the finished software to production.</p></li><li><p>Conduct training to the application end users if requested</p></li><li><p>Provide 2nd level troubleshooting and debug to existing software, reacting to issues and correcting the source code as deemed necessary.</p></li><li><p>Provide on-site support for events and promotions if requested.</p></li><li><p>Evaluate existing applications to reprogram, update and add new features as deemed necessary.</p></li><li><p>Actively monitor the performance of existing applications/solutions and present ideas for improvements.</p></li><li><p>Make sure that changes in applications already deployed in production have undergone approval and are properly documented.</p></li></ul></li></ol><p>&nbsp;</p><p><strong>QUALIFICATIONS</strong></p><ul><li><p>Bachelor’s Degree in Computer Science/Computer Engineering/ Information Systems/ Information Technology or other similar course</p></li><li><p>At least one (1) year of experience in Software Development</p></li><li><p>Background in Application Development is preferred</p></li><li><p>Familiarity with Atlassian Software Development Tools and Agile-Scrum development methodologies</p></li><li><p>Knowledgeable in SQL, MS SQL, MVC2-MVC4, JavaScript, HTML, VB.NET, ASP.NET, C#, XML and PHP</p></li><li><p>Experience with software design and development in a test-driven environment</p></li></ul>"
7,Python Developer - Mid to Senior Level - Sign on Bonus - HMO on day 1,https://ph.jobstreet.com/job/82695806?type=standard&ref=search-standalone&origin=cardTitle#sol=3892bb93eb7b93247960fea7a76cec78e2fb1188,ELGADA BPO SOLUTIONS INC.,22d ago,Metro Manila,Developers/Programmers (Information &amp; Communication Technology),Full time,"<p><i>Elgada BPO Solutions Inc. is a growing business solution provider based in the heart of Makati, Philippines. We support the ever-growing demands of our offshore client through software development.</i></p><p><i>Using our tech expertise and cross-industry experience, we evolve digital transformation into digital acceleration. We deliver full-cycle software development services that adapt seamlessly to project requirements and business needs.</i></p><p>&nbsp;</p><p><strong>What we are looking for:</strong></p><ul><li>Proficient in Python Programming Language (at least <strong>5 to 6 years of professional/work experience</strong>)</li><li>Holds a BS Degree in Computer Science, Information Technology, Computer Engineering, or any related course.</li><li>Proficient in JavaScript</li><li>Proficient in OOP and design patterns</li><li><strong>Willing to work on a mid-shift from 5:00PM to 2:00AM Philippine Time.</strong></li><li><strong>Willing to work onsite in Makati, Monday to Friday (Fixed weekends off).</strong></li></ul><p>&nbsp;</p><p><strong>Requirements:</strong></p><ul><li>Graphql</li><li>Flask</li><li>React.js</li><li>Django</li><li>MySQL</li></ul><p>&nbsp;</p><p><strong>What you will do:</strong></p><ul><li>Develop front end website architecture.</li><li>Design user interactions on web pages.</li><li>Develop back-end website applications.</li><li>Solve complex performance problems and architectural challenges.</li><li>Build efficient, testable, and reusable applications.</li><li>Create servers and databases for functionality.</li><li>Ensure cross-platform optimization.</li><li>Ensure responsiveness of applications</li><li>Work alongside graphic designers for web design features.</li><li>See through a project from conception to finished product.</li><li>Design and develop APIs.</li><li>Meet both technical and consumer needs.</li><li>Stay abreast of developments in web applications and programming languages.</li><li>Support legacy applications that are written in PHP</li></ul><p>&nbsp;</p><p><i>HMO on day 1</i></p><p><i>SIGN ON BONUS</i></p><p><i>Government-mandated benefits</i></p><p><i>Employee Engagement Events (company outings, fun activities)</i></p><p><i>Fun, supportive, and inclusive culture</i></p>"
8,Senior Backend Developer (Python/Java) Work From Home,https://ph.jobstreet.com/job/82872734?type=standard&ref=search-standalone&origin=cardTitle#sol=fca13de1e472d5984bbf7b66256e9e5d1816fed4,Quantrics Enterprises Inc.,15d ago,"Taytay, Rizal",Developers/Programmers (Information &amp; Communication Technology),Full time,"<p>Join our award-winning IT team as we lead the way in digital, cloud, and security technology services. You will be playing a critical role in delivering innovative solutions for our biggest client, Canada’s leading telecommunications, tech, and media corporation.</p><p>&nbsp;</p><p>We’re looking for passionate and creative tech leaders who want to take their career to the next level and make a real impact. Our success is fueled by our people and our passion for innovation, so we empower our Qmunity and provide a workplace where they can flourish and grow.</p><p>&nbsp;</p><p><strong>We offer premium benefits, including:</strong></p><ul><li>Work From Home Set up</li><li>Salary based on experience, miscellaneous allowances</li><li>Performance bonuses and yearly increase</li><li>HMO from day 1 for you + 2 free dependents</li><li>6 months paid maternity/15 days paternity leave</li><li>Company-sponsored training and upskilling, and career growth opportunities!</li></ul><p>&nbsp;</p><p>&nbsp;<strong>You will have the opportunity to…&nbsp;&nbsp;</strong></p><ul><li>You will develop design, debug, and operate multiple applications used by Bell network operation/engineering teams and support legacy applications running on-premises.</li><li>You will provide engineering support on end-to-end problem resolution and root cause analysis in collaboration with other functional groups, business units, and vendors</li><li>You will represent messaging services with corporate security teams &amp; rest of the company</li><li>You can quickly learn and adapt to new technologies, and you have a strong aptitude for innovation</li></ul><p>&nbsp;&nbsp;&nbsp;&nbsp;&nbsp;&nbsp;&nbsp;&nbsp;&nbsp;&nbsp;&nbsp;&nbsp;&nbsp;&nbsp;&nbsp;&nbsp;&nbsp;&nbsp;&nbsp;&nbsp;&nbsp;&nbsp;&nbsp;&nbsp;&nbsp;&nbsp;&nbsp;&nbsp;&nbsp;&nbsp;&nbsp;&nbsp;&nbsp;&nbsp;&nbsp;&nbsp;</p><p><strong>Minimum Required Skills &amp; Experience:</strong></p><ul><li>5+ years of experience in Software Development</li><li>5+ years of experience in object-oriented software and application development mainly in Python and Java.</li><li>5+ years of experience in experience in Agile Development, DevOps, and Test-Driven Design</li><li>5+ years of experience in unit testing, Test-Driven Development, code review, continuous integration, continuous delivery &amp; DevOps practices.</li></ul><p>&nbsp;</p><p><strong>Nice to have:</strong></p><ul><li>Someone who is very familiar with code management tools (GIT) and possibly automation/orchestration tools such as Ansible/Puppet but considers Infra-As-Code as a new religion</li><li>Someone who can slice and dice a business/system problem into an easy modular and maintainable solution with your team</li><li>A team player who can define, establish, and communicate their long-term vision, who is adaptable to uncertain and changing needs</li><li>A candidate with strong interpersonal, oral, and written communication skills (A good sense of humor is a bonus!)</li><li>Superior coaching skills with the ability to raise your team’s game through your teaching</li><li>Experience with container environment (Docker, Kubernetes, or even DockerSwarm), because new stuff is fun!</li><li>Experience with real-time stream processing (Kafka).</li><li>Experience in a Public Cloud.&nbsp;GCP, AWS, Azure, or any will do.</li><li>Linux and/or Agile certification</li><li>Strong IP networking skills&nbsp;&nbsp;&nbsp;&nbsp;&nbsp;</li></ul><p>&nbsp;</p><p>If you’re ready to take the next step in your career, APPLY NOW!&nbsp;</p>"
9,Python Developer - Senior - Sign on Bonus - HMO on day 1,https://ph.jobstreet.com/job/82695763?type=standard&ref=search-standalone&origin=cardTitle#sol=cf09c0d0536adceeb7808ac6237ed53ff553dfd7,ELGADA BPO SOLUTIONS INC.,22d ago,Metro Manila,Developers/Programmers (Information &amp; Communication Technology),Full time,"<p><i>Elgada BPO Solutions Inc. is a growing business solution provider based in the heart of Makati, Philippines. We support the ever-growing demands of our offshore client through software development.</i></p><p><i>Using our tech expertise and cross-industry experience, we evolve digital transformation into digital acceleration. We deliver full-cycle software development services that adapt seamlessly to project requirements and business needs.</i></p><p>&nbsp;</p><p><strong>What We are Looking For:</strong></p><ul><li><strong>Willing to work on a </strong><i><strong>NIGHT SHIFT </strong></i><strong>from 9:00PM to 6:00AM Philippine Time.</strong></li><li><strong>Willing to work fully onsite in Makati City, Monday to Friday (Fixed Saturday and Sunday off).</strong></li><li>Proficient in Python</li><li>4 to 7 years of related work experience&nbsp;</li><li>Proficient in JavaScript</li><li>Proficient in OOP and design patterns</li></ul><p>&nbsp;</p><p><strong>What You will Do:</strong></p><ul><li>Develop front end website architecture.</li><li>Design user interactions on web pages</li><li>Develop back-end website applications.</li><li>Solve complex performance problems and architectural challenges.</li><li>Build efficient, testable, and reusable applications.</li><li>Create servers and databases for functionality.</li><li>Ensure cross-platform optimization.</li><li>Ensure responsiveness of applications</li><li>Work alongside graphic designers for web design features</li><li>See through a project from conception to finished product.</li><li>Design and develop APIs.</li><li>Meet both technical and consumer needs.</li><li>Stay abreast of developments in web applications and programming languages.</li><li>Support legacy applications that are written in PHP</li></ul><p>&nbsp;</p><p><strong>Skills Needed:</strong></p><ul><li>Graphql</li><li>Django</li><li>MySQL</li><li>Python</li></ul><p>&nbsp;</p><p><i>HMO on day 1</i></p><p><i>SIGN ON BONUS</i></p><p><i>Government-mandated benefits</i></p><p><i>Employee Engagement Events (company outings, fun activities)</i></p><p><i>Fun, supportive, and inclusive culture</i></p>"
10,Web Developer (PHP/Python) - HMO - No weekends,https://ph.jobstreet.com/job/82555682?type=standard&ref=search-standalone&origin=cardTitle#sol=797cccd93b1c39f69247e582d51ee3a389ed7ad5,ELGADA BPO SOLUTIONS INC.,28d ago,Metro Manila,Developers/Programmers (Information &amp; Communication Technology),Full time,"<p><i>Elgada BPO Solutions Inc. is a growing business solution provider based in the heart of Makati, Philippines. We support the ever-growing demands of our offshore client through software development.</i></p><p><i>Using our tech expertise and cross-industry experience, we evolve digital transformation into digital acceleration. We deliver full-cycle software development services that adapt seamlessly to project requirements and business needs.</i></p><p>&nbsp;</p><p><strong>What we are looking for:</strong></p><ul><li>Proficient in <strong>PHP/Python</strong> with at least <strong>2 to 4 years</strong> of <strong>professional/work experience in programming.</strong></li><li>Holds a BS Degree in Computer Science, Information Technology, Computer Engineering, or any related course.</li><li>Proficient in JavaScript</li><li>Proficient in OOP and design patterns</li><li><strong>Willing to work on a mid-shift from 5:00PM to 2:00AM Philippine Time.</strong></li><li><strong>Willing to work onsite in Makati, Monday to Friday (Fixed weekends off).</strong></li></ul><p>&nbsp;</p><p><strong>What you will do:</strong></p><ul><li>Develop front end website architecture.</li><li>Design user interactions on web pages.</li><li>Develop back-end website applications.</li><li>Solve complex performance problems and architectural challenges.</li><li>Build efficient, testable, and reusable applications.</li><li>Create servers and databases for functionality.</li><li>Ensure cross-platform optimization.</li><li>Ensure responsiveness of applications</li><li>Work alongside graphic designers for web design features.</li><li>See through a project from conception to finished product.</li><li>Design and develop APIs.</li><li>Meet both technical and consumer needs.</li><li>Stay abreast of developments in web applications and programming languages.</li><li>Support legacy applications that are written in PHP</li></ul><p>&nbsp;</p><p><strong>Skills Needed:</strong></p><ul><li>Graphql</li><li>Django</li><li>MySQL</li><li>PHP/Laravel</li></ul><p>&nbsp;</p><p><i>HMO on day 1</i></p><p><i>Government-mandated benefits</i></p><p><i>Employee Engagement Events (company outings, fun activities)</i></p><p><i>Fun, supportive, and inclusive culture</i></p>"
11,Software Engineer,https://ph.jobstreet.com/job/83237796?type=standard&ref=search-standalone&origin=cardTitle#sol=cfd8ecfb6f1bc85815eaec098d5bd63ee7fcca63,"OpenText (Philippines), Inc.",17h ago,"Makati City, Metro Manila",Developers/Programmers (Information &amp; Communication Technology),Full time,"<p><strong>OPENTEXT</strong></p><p>OpenText is a global leader in information management, where innovation, creativity, and collaboration are the key components of our corporate culture. As a member of our team, you will have the opportunity to partner with the most highly regarded companies in the world, tackle complex issues, and contribute to projects that shape the future of digital transformation.</p><p></p><p><strong>YOUR IMPACT</strong></p><p>OpenText is more than just a place of employment. It’s an exciting and diverse organization with intelligent people, innovative programs, and dynamic opportunities to enhance your career and life. The OpenText culture recognizes “People First” and supports you to further develop and grow your career.</p><p></p><p>The<strong> Cloud Applications Consultant (internal job title) / Software Engineer (external job title)</strong> is an individual contributor who acts as a primary point of contact for implementing customers’ requests regarding mapping and addition of new trading partners, document types, and connection types. As a consultant, you will utilize your ability to combine mapping analysis, development, systems integration and service delivery knowledge. More specifically you will create/update technical specifications and create/update maps using OpenText translation software, carry out integration tasks to deploy maps to pre-production and production environments and setup Trading Partner connectivity using common communications standards such as ftp, http, AS2, SFTP, etc.</p><p></p><p><strong>WHAT THE ROLE OFFERS</strong></p><ul><li><p>Engages the client to obtain<strong> EDI (Electronic Data Interchange) </strong>requirements, ensuring the completeness and accuracy of map packages and requirements documentation while developing and maintaining good customer relations.</p></li><li><p>Analyzing customer requirements, data integrations and interfaces.</p></li><li><p>Deliver day to day implementation requests of Trading Partner and map configurations into the OpenText systems.</p></li><li><p>Implementing changes for existing data integrations.</p></li><li><p>Follow policies and best practice mapping to define map rules based on client’s requirements.</p></li><li><p>Consistently create test cases/scenarios, form test files, run tests and evaluate reports</p></li><li><p>Investigate and conduct root-cause-analysis for issues/defects raised by client during client testing</p></li><li><p>Deliver project status updates to clients, delivery/project managers and counterparts as necessary</p></li></ul><p></p><p><strong>WHAT YOU NEED TO SUCCEED</strong></p><ul><li><p>You are a graduate of Computer Science and/or other technical disciplines</p></li><li><p><strong>You are willing to be on-call beyond normal working hours and on weekends</strong></p></li><li><p><strong>You are willing to work on any shifts (ASPAC, EMEA or US).</strong></p></li><li><p><strong>You are willing to do a hybrid work set up (2 days WFH, 3 days onsite in Makati)</strong></p></li><li><p>Knowledgeable in<strong> XSLT, Java, JavaScript, PDF or XML is a<em> plus.</em></strong></p></li><li><p>You have a strong customer focus, customer satisfaction oriented.</p></li><li><p>You demonstrate problem-solving skills, logical thinking techniques, and excellent attention to detail. Ability to Identify and analyze problems; distinguishes between relevant and irrelevant information to make logical decisions; provide solutions to individual and organizational problems. Develops reasonable options for solutions when required for decision making</p></li><li><p>You have excellent teamwork and collaboration skills. Inspires and motivates others toward goal accomplishments; develops and sustains cooperative working relationships</p></li><li><p>You have ability to handle multiple priorities in a fast-paced environment, and be able to work independently, and must possess effective time management skills</p></li></ul><p></p><p><strong>ONE LAST THING:</strong></p><p>OpenText is more than just a corporation, it's a global community where trust is foundational, the bar is raised, and outcomes are owned. We take pride in the high expectations placed on us by our customers and strive to exceed those expectations with a culture that fosters extraordinary customer service. We are the voice of our customers, and we focus on making them wildly successful.</p>"
12,Software Developer,https://ph.jobstreet.com/job/83121925?type=standard&ref=search-standalone&origin=cardTitle#sol=9e023ae1567064f9e2bb8282c6be84324d248b38,Toolkit Inc.,6d ago,Metro Manila,Developers/Programmers (Information &amp; Communication Technology),Full time,"<p><strong>About Toolkit Inc.:</strong></p><p>At Toolkit Inc., we specialize in transforming business processes through innovative software solutions. Our expertise ranges from ERP implementation with custom Odoo integration to developing full-stack, enterprise-grade applications using the latest technologies. We are at the forefront of incorporating Machine Learning and AI into business analytics, delivering insightful data interpretations. Our team excels in crafting user-centric mobile applications and creative UX designs across various platforms, ensuring an engaging and efficient user experience. Committed to advancing businesses into the digital era, we also offer comprehensive cloud services for seamless, scalable operations. At Toolkit Inc., we are dedicated to making businesses more efficient and effective, one innovative app at a time.</p><p><strong>Job Summary:</strong></p><p>We are seeking talented and motivated Full-Stack Software Developers to join our team. The successful candidate will work closely with other developers, designers, and project managers to develop and maintain high-quality software applications using a variety of programming languages.</p><p><strong>Key Responsibilities:</strong></p><ul><li>Design, develop, test, and deploy high-quality software applications using Python, JavaScript, and other programming languages.</li><li>Collaborate with cross-functional teams to integrate new features and optimize application performance.</li><li>Write clean, efficient, and maintainable code that adheres to industry standards and best practices.</li><li>Debug and troubleshoot software issues, and provide solutions to improve application performance and reliability.</li><li>Develop and maintain documentation, including technical specifications and user manuals, for all software applications.</li><li>Participate in code review, unit testing, and integration testing to ensure code quality and application functionality.</li><li>Stay up-to-date with emerging trends and technologies in software development, and apply them to develop innovative and efficient solutions.</li></ul><p><strong>Requirements:</strong></p><ul><li>Bachelor's degree in Computer Science, Software Engineering, or a related field. <strong>Undergraduates with advanced software development skills are also welcome to apply.</strong></li><li>Strong programming skills in Python, JavaScript, and familiarity with other languages such as Java, C#, Ruby, or PHP.</li><li>Experience with PostgreSQL and software development tools and technologies such as Git, SQL databases, RESTful APIs, and cloud platforms such as AWS, Google Cloud, or Azure.</li><li>Experience with agile software development methodologies and tools such as Jira, Trello, or Asana.</li><li>Strong problem-solving skills and attention to detail.</li><li>Excellent communication and interpersonal skills, with the ability to work effectively in a team environment.</li></ul><p><strong>Preferred Qualifications:</strong></p><ul><li>Experience in developing and deploying machine learning models using Python libraries such as Pandas, Flask, Django, Tensorflow, Odoo.</li><li>Familiarity with front-end development technologies such as HTML, CSS, and JavaScript.</li><li>Understanding of software security principles and best practices.</li></ul><p><strong>Why Join Toolkit Inc.?</strong></p><ul><li>Be part of a creative, forward-thinking team.</li><li>Opportunity to work on diverse projects and learn new technologies.</li><li>Competitive salary and benefits package.</li><li>Flexible working hours and remote working options.</li><li>A culture that values innovation, efficiency, and continuous learning.</li></ul>"
13,Infrastructure Automation Developer (PowerShell or Python),https://ph.jobstreet.com/job/82900237?type=standard&ref=search-standalone&origin=cardTitle#sol=5a14bb5a8efa23ace4ee97f3ec23f4579c5f4e09,"First Focus Information Technology, Inc.",14d ago,Metro Manila,Developers/Programmers (Information &amp; Communication Technology),Full time,"<p><strong>About our company</strong></p><p>First Focus is Australia's&nbsp;<strong>best&nbsp;</strong>Managed Service Provider (MSP), with a team of over 280 technical professionals across offices in Australia, New Zealand and the Philippines. We have grown consistently and profitably for over 15 years, and we're continuing to win new clients and challenge ourselves to rise to new heights.</p><p>We have just started the search for the best experienced<strong>&nbsp;Automation and Integration professional&nbsp;to join our Technology team&nbsp;</strong>in the Philippines. Why would such an amazing and talented individual consider coming to First Focus? What makes First Focus better than where you are today?</p><ul><li>We actively promote equal opportunity and fair treatment for all our employees, irrespective of their position, location or nationality, fostering a positive and inclusive workplace culture -&nbsp;<strong>grow&nbsp;</strong>your career!</li><li>We understand the value you deliver, and we will give you the support to get the job done - be supported to&nbsp;<strong>be awesome</strong>!</li><li>We find and retain the best - best Product Owners, best PMs, best Service desk team, best managers,&nbsp;<strong>best team</strong>!</li><li>We encourage transparency as one of the foundations of our culture, creating a healthier, more productive work environment while actively discouraging toxicity -&nbsp;<strong>be heard</strong>, feel safe to speak up!</li></ul><p>Our goal is to automate internal functions and we need talented people who can draw on experience from within our internal software development team and utilise Advanced Scripting and Development skills to make our business fly.</p><p>&nbsp;</p><p><strong>Employee Perks</strong></p><ul><li><strong>Dayshift, weekends off</strong></li><li>Above the market salary range</li><li>25 days paid leave annually*</li><li><strong>10 paid days of training leave per year*</strong></li><li><strong>Employee Profit Sharing*</strong></li><li><strong>Loyalty bonus for long-term employees*</strong></li><li>HMO from the first day of your employment, which includes Medical coverage plus dental benefits package</li><li>Addition of one (1) more dependent (e.g., your spouse) to the Company's HMO policy from day 1</li><li>As a loyalty incentive, you may add one additional dependent after 2 years of service and a third dependent after 5 years.</li><li><strong>Company-paid Training and Certifications with corresponding salary increase (T&amp;C apply)</strong></li><li>Hybrid work set-up*</li><li>Employee Referral Program (Php 20,000)</li><li>Employee MVP Award (Php 10,000)</li></ul><p>&nbsp;</p><p><strong>What you would be doing:</strong></p><p>You will be involved in some, if not all, of the following tasks:</p><ul><li>Automation scripting using one or more of the following technologies - Bash, Python, PHP and Powershell</li><li>Configuration and maintenance of API orchestration and orchestration platforms</li><li>Building complex automations that interact directly with MS-SQL, MySQL, NoSQL and APIs</li><li>Creating and configuring AI solutions</li></ul><p>&nbsp;</p><h2><strong>Requirements</strong></h2><p><strong>What skills you do need to have:</strong></p><p>To be successful, we are looking for someone with many of the following skills and experience:</p><ul><li>Driven to perform/outcome driven</li><li>Someone who wants to be seen to perform/punch above their weight</li><li>Strong automation scripting experience with one or more of the following - Bash, Python, Powershell, PHP etc</li><li>Strong database experience in SQL (MS-SQL, MySQL, NoSQL)</li><li>Experience automating/integrating multiple systems and tools</li><li>Strong analytical and problem-solving skills</li><li>Willing to work on AU shift</li></ul><p>&nbsp;</p><p><strong>You will have a real advantage winning this role if you have any of the following:</strong></p><ul><li>Demonstrated experience working with various open source frameworks</li><li>Demonstrated experience using ConnectWise Manage databases or ITSM/PSA system</li><li>In-depth knowledge of PowerShell</li><li>Previous work experience in an MSP</li><li>CI/CD experience</li><li>RPA experience</li><li>Knowledge of SharePoint</li></ul><p>&nbsp;</p><p><strong>Office Address:</strong>&nbsp;</p><ul><li>29th Floor, Robinsons Cyberscape Gamma, Topaz Road, Ortigas Pasig City Metro Manila Philippines</li><li>26th floor, Axis Tower One Building, Filinvest Ave, Alabang, Muntinlupa</li></ul><p>&nbsp;</p><p><strong>Additional Information</strong></p><ul><li>Opportunity to work from home. If you are residing within Metro Manila or in other nearby provinces, a hybrid work set-up will apply.</li></ul><p><i>*Terms and condition apply</i></p>"
14,"Backend Developer - AWS, Python",https://ph.jobstreet.com/job/83037919?type=standard&ref=search-standalone&origin=cardTitle#sol=3b83df9349d32fc84a692c581587897eb85d44a2,Ben Edictio Corp,8d ago,"Laguna, Calabarzon",Developers/Programmers (Information &amp; Communication Technology),Full time,"<p>Key Qualifications:</p><ul><li>Bachelor’s degree in Computer Science, Software Engineering, or a related technical field.</li><li>5+ years of software development experience with a strong focus on backend development using AWS and Python.</li><li>Experience designing and building cloud-based solutions on AWS.</li><li>Strong background working with AWS services like EC2, S3, Lambda, Glue, RDS, DynamoDB, CloudFormation, and Redshift.</li><li>Experience with building and maintaining CI/CD pipelines and infrastructure-as-code solutions.</li><li>AWS Certification is a plus</li></ul><p>Job Overview:</p><ul><li>Design, develop, deploy, and maintain cloud-based solutions on AWS. We are looking for someone with extensive experience in AWS services and cloud architecture, with the ability to write clean, efficient code — primarily in Python. This role requires close collaboration with cross-functional teams to deliver scalable, high-quality solutions, driving innovation and operational excellence.</li></ul>"
15,Senior Software Engineer (Python Back-end Development),https://ph.jobstreet.com/job/83182252?type=standard&ref=search-standalone&origin=cardTitle#sol=fb0650a15e41e2772b4c59021fffe480d1d27243,ITRS (PHILS.) INC.,2d ago,"Makati City, Metro Manila",Engineering - Software (Information &amp; Communication Technology),Full time,"<p>Recognised as a Great Place to Work, ITRS is an Enterprise SaaS provider with industry-leading solutions. Our prestigious customer base includes 90% of the world's top investment banks. We are backed by leading private equity investors and are rapidly growing.</p><p>Our headquarters are in Shoreditch - London's tech hub – with offices in other UK and global locations from the Netherlands to Manila, NYC and Florida. We pride ourselves on a diverse, friendly, dynamic culture - with a focus on internal promotion and developing our people.</p><h2>&nbsp;</h2><h2><strong>Scope of role</strong></h2><p>As a Senior Software Engineer you will deliver new features in our Opsview product suite, you will report to the Engineering Manager in our Makati office. The Engineering team is a global team with main hubs in Manila, Sweden, Spain, UK and North America.</p><p>The Makati office is growing and we are looking for Engineers that want to be part of a successful team building software products and working with the latest technologies. &nbsp;</p><p>&nbsp;</p><p><strong>As a Senior Software Engineer, you will:</strong></p><ul><li>Build software for our Opsview product suite &nbsp;</li><li>Take a lead on user story definition and the production of detailed technical designs &nbsp;</li><li>Develop software and unit tests against those detailed designs &nbsp;</li><li>Take a lead on the production of engineering estimates and timescales</li><li>Maintain current technical documentation at the code, design and user levels &nbsp;</li><li>Maintain the software on an ongoing basis</li><li>Review others work at design and code stage and provide constructive feedback on how it could be improved &nbsp;</li><li>Partner with our dedicated product support team to help fix customer raised defects </li></ul><p><br><br><strong>Requirements</strong></p><ul><li>5 years of experience with Python Application Development</li><li>Experience working with RDBMS and NoSQL databases (MySQL and CouchDB) &nbsp;</li><li>Experience with Unix/Linux at the command line&nbsp;</li><li>Experience in version control systems like Git </li><li>Experienced in overseeing product architecture</li><li>Experience working in continuous integration environments (Jenkins/Groovy)&nbsp;</li><li>Experience in code profiling and writing unit tests &nbsp;</li><li>Experience improving coding and development practices &nbsp;</li><li>Experience quickly assimilating new technologies and skills &nbsp;</li><li>Experience working within an Agile scrum team &nbsp;</li><li>Willing to work in a hybrid setup, reporting onsite at least once a week to our Makati office</li></ul><p><br><br><strong>Benefits</strong></p><ul><li>HMO for you and your dependents</li><li>Supplemental Medical Claim</li><li>Employee Assistance Program</li><li>Retirement Plan</li><li>Flexible Hybrid Working</li><li>Enhanced Parental Leave</li><li>Life Assurance</li><li>Subsidies and Allowances</li><li>Referral Bonus</li><li>Buy and Sell Holiday</li><li>Training Reimbursement</li></ul><p>&nbsp;</p><p>&nbsp;</p><p>ITRS Group is an Equal Opportunity employer, and Inclusion is part of our everyday life. We celebrate diversity and pride ourselves on providing an environment where all employees can be their authentic selves and have a voice, allowing everyone to contribute equally. We remain committed to advocating inclusion, diversity, and equality into our ITRS family as we grow and enrich our business.</p><p>We welcome applications from everyone in the community as we recognize that a diverse workforce is a stronger workforce.</p>"
16,Software Engineer – AI/Machine Learning Developer (work-from-home),https://ph.jobstreet.com/job/83240150?type=standard&ref=search-standalone&origin=cardTitle#sol=66dd7574ead2af97d25750fc122b8ff7e7ba1f0a,"Nelnet Philippines, Inc.",14h ago,Metro Manila,Engineering - Software (Information &amp; Communication Technology),Full time,"<p><strong>Job Qualifications:&nbsp;</strong></p><ul><li>Minimum four (4) years of related&nbsp;experience as an AI/Machine Learning Developer.&nbsp;</li><li>Ability to work on multiple projects/ tasks in an agile environment.&nbsp;</li><li>Good communication and presentation skills at all levels – colleagues, clients&nbsp;and top management.&nbsp;</li><li>Results-oriented, resourceful and a good team-player.</li></ul><p>&nbsp;<strong>Experience/Skills Requirement:</strong></p><ul><li><strong>DSPY</strong>: Strong understanding of AI concepts and techniques using DSPY.</li><li><strong>Python</strong>: Proficiency in Python programming, including libraries such as Pandas for data manipulation, NumPy for numerical computations, and scikit-learn for machine learning.</li><li><strong>RAG (Retrieval-Augmented Generation)</strong>: Experience with RAG techniques to enhance model performance and output relevance.</li><li><strong>Vector Databases</strong>: Knowledge of vector databases like Faiss or Milvus.</li><li><strong>NET</strong>: Experience with .NET for integrating machine learning models into applications.</li><li><strong>Prompt Engineering for LLMs</strong>: Experience in designing and refining prompts for Large Language Models (LLMs) such as ChatGPT to optimize their performance and interaction.</li><li><strong>API Development</strong>: Experience in developing and consuming APIs.</li><li><strong>Deployment</strong>: Proven experience in deploying Python projects to production environments.</li><li><strong>Model Training</strong>: Proven experience in creating, training, and optimizing custom machine learning models.</li></ul><p>&nbsp;<strong>Responsibilities and Duties:&nbsp;</strong></p><ul><li>Is expected to conduct research, design, implement and manage software applications based on user requirements</li><li>To respond to and manage change quickly, including the refocusing of development efforts and adapting to evolving requirements</li><li>To continue to update his/her technical knowledge and skills</li><li>Evaluating machine learning processes</li><li>Collecting and analyzing large amounts of data</li><li>Programming AI software to utilize large amounts of data</li><li>Developing and deploying AI algorithms</li><li>Collaborating with other team members to establish goals for AI processes</li><li>Evaluating the effectiveness of AI</li><li>Managing data and project infrastructure</li><li>Staying up to date on the latest AI developments</li></ul><p><strong>Most importantly, we are looking for people who can live by our Values:</strong></p><ul><li>Providing superior customer experiences</li><li>Creating an awesome work environment</li><li>Pursuing opportunities for diversification and growth</li><li>Communicating openly and honestly</li><li>Giving back to the communities in which we live and work</li></ul><p>&nbsp;</p>"
17,SOFTWARE ENGINEER (Back-End),https://ph.jobstreet.com/job/83233047?type=standard&ref=search-standalone&origin=cardTitle#sol=9e7277478c974a08084529885e27758c38fcb30b,MARLOW NAVIGATION PHILS INC,20h ago,"Manila City, Metro Manila",Developers/Programmers (Information &amp; Communication Technology),Full time,"<ul><li>Bachelor’s degree in computer science, Information Technology, Computer Engineering or equivalent.</li><li>Experience in using any of these languages: Kotlin, Java, C#, Javascript (preferably Nodejs and Expressjs)</li><li>PostgreSQL/SQL Server: Proficient in PostgreSQL/SQL Server, including schema design, query optimization, and data sanitation.</li><li>Version Control: Proficient in using Git for version control and collaboration</li><li>API Development: Experience in building and consuming RESTful APIs</li><li>Coding Standards: Knowledge of coding best practices and experience with MVC/MVP pattern</li><li>Problem-Solving Skills: Strong analytical skills with the ability to troubleshoot and solve complex technical issues</li><li>Communication: Excellent communication skills, both verbal and written</li></ul>"
18,"Expert Level Support L3 (Azure, Python)",https://ph.jobstreet.com/job/83254219?type=standard&ref=search-standalone&origin=cardTitle#sol=41f0be65699cfb9289636dc7e4a1c6c1b5f4b5cf,"Lingaro (Philippines), Inc.",1h ago,,Consultants (Information &amp; Communication Technology),,"<p><strong>Tasks&nbsp;</strong></p><ul><li><p>Provide expert service support as L3 specialist for the service.&nbsp;</p></li></ul><ul><li><p>Identify, analyze, and develop solutions for complex incidents or problems raised by stakeholders and clients as needed.&nbsp;</p></li></ul><ul><li><p>Analyze issues and develop tools and/or solutions that will help enable business continuity and mitigate business impact.&nbsp;</p></li></ul><ul><li><p>Proactive and timely update assigned tasks, provide response and solution within agreed team's timelines.&nbsp;</p></li></ul><ul><li><p>Problem corrective action plan proposals.&nbsp;</p></li></ul><ul><li><p>Deploying bug-fixes in managed applications.&nbsp;</p></li></ul><ul><li><p>Gather requirements, analyze, design and implement complex visualization solutions&nbsp;</p></li></ul><ul><li><p>Participate in internal knowledge sharing, collaboration activities, and service improvement initiatives.&nbsp;</p></li></ul><ul><li><p>Tasks may include monitoring, incident/problem resolution, documentations, automation, assessment and implementation/deployment of change requests.&nbsp;</p></li></ul><ul><li><p>Provide technical feedback and mentoring to teammates.</p></li></ul><p><strong>Qualifications&nbsp;</strong></p><ul><li><p>Willing to work either ASIA, EMEA, or NALA shift&nbsp;</p></li></ul><ul><li><p>Strong analytical thinking and problem-solving skills.&nbsp;</p></li></ul><ul><li><p>Strong communication skillset – ability to translate technical details to business/non-technical stakeholders&nbsp;</p></li></ul><ul><li><p>Extensive experience with SQL, T-SQL, PL/SQL Language – includes but not limited to ETL, merge, partition exchange, exception and error handling, performance tuning.&nbsp;</p></li></ul><ul><li><p>Experience with Python/Pyspark mainly with Pandas, Numpy, Pathlib and PySpark SQL Functions&nbsp;</p></li></ul><ul><li><p>Experience with Azure Fundamentals, particularly Azure Blob Storage (File Systems and AzCopy).&nbsp;</p></li></ul><ul><li><p>Experience with Azure Data Services - Databricks and Data Factory&nbsp;&nbsp;</p></li></ul><ul><li><p>Understands the operation of ETL process, triggers and scheduler&nbsp;</p></li></ul><ul><li><p>Logging, dbutils, pyspark SQL functions, handling different files e.g. json&nbsp;</p></li></ul><ul><li><p>Experience with Git repository maintenance and DevOps concepts.&nbsp;</p></li></ul><ul><li><p>Familiarity with building, testing, and deploying process.&nbsp;</p></li></ul><ul><li><p>Nice to have:&nbsp;&nbsp;</p></li></ul><ul><li><p>Experience with Control-M (if no experience, required to learn on the job)&nbsp;</p></li></ul><ul><li><p>KNIME&nbsp;</p></li></ul><ul><li><p>Power BI&nbsp;</p></li><li><p>Willing to be cross-trained to all of the technologies involved in the solution.</p></li></ul><p><strong>Offer&nbsp;</strong></p><ul><li><p>Stable employment. On the market since 2008, 1200+ talents currently on board in 7 global sites.&nbsp;</p></li></ul><ul><li><p>“Office as an option” model. You can choose to work remotely or in the office.&nbsp;</p></li></ul><ul><li><p>Flexibility regarding working hours and your preferred form of contract.&nbsp;</p></li></ul><ul><li><p>Comprehensive online onboarding program with a “Buddy” from day 1.&nbsp;</p></li></ul><ul><li><p>Cooperation with top-tier engineers and experts.&nbsp;</p></li></ul><ul><li><p>Certificate training programs. Lingarians earn 500+ technology certificates yearly.&nbsp;</p></li></ul><ul><li><p>Upskilling support. Capability development programs, Competency Centers, knowledge sharing sessions, community webinars, 110+ training opportunities yearly.&nbsp;</p></li></ul><ul><li><p>Grow as we grow as a company. 76% of our managers are internal promotions.&nbsp;</p></li></ul><ul><li><p>A diverse, inclusive, and values-driven community.&nbsp;</p></li></ul><ul><li><p>Autonomy to choose the way you work. We trust your ideas.&nbsp;</p></li></ul><ul><li><p>Create our community together. Refer your friends to receive bonuses.&nbsp;</p></li></ul><ul><li><p>Activities to support your well-being and health.&nbsp;</p></li></ul><ul><li><p>Plenty of opportunities to donate to charities and support the environment.&nbsp;</p></li></ul><ul><li><p>Modern office equipment. Purchased for you or available to borrow, depending on your location.&nbsp;</p></li></ul><ul><li><p>Great Place to Work Certified Employer in the Philippines&nbsp;</p></li></ul>"
19,Backend Developer,https://ph.jobstreet.com/job/82492073?type=standard&ref=search-standalone&origin=cardTitle#sol=cc733864be27c15d4ec935a8aa5d70070e67065e,RBOX INTERNATIONAL SOLUTIONS INC.,30d+ ago,"Pasig City, Metro Manila",Developers/Programmers (Information &amp; Communication Technology),Full time,"<p>This position is a night shift position with a schedule of 9am EST - 6pm EST. <strong>Candidates must have experience with and have the ability to work a night shift schedule.</strong></p><p>We are seeking a <strong>Backend Developer</strong> specializing in Python (Django) and Azure Cloud to develop and maintain scalable backend systems and APIs for modern web applications. The ideal candidate has strong experience with databases, cloud deployments, API development, and thrives in an agile development team.</p><p>What You’ll Be Doing<br>• Develop and maintain scalable backend services and RESTful APIs using Django and Django REST Framework.<br>• Design and implement secure, efficient, and scalable database structures using PostgreSQL.<br>• Collaborate with cross-functional teams to define, design, and ship new features.<br>• Deploy and manage applications in Azure Cloud, including CI/CD pipeline management.<br>• Write and maintain unit, integration, and end-to-end tests to ensure application stability.<br>• Optimize web applications for maximum speed and scalability.<br>• Troubleshoot, debug, and resolve software issues across the full stack.<br>&nbsp;</p><p>What You Bring<br>• Experience with Python, with a strong focus on Django (Django REST Framework preferred).<br>• Proficiency in building scalable APIs, microservices, and backend logic.<br>• Experience with ORMs (Django ORM, SQLAlchemy), relational databases (PostgreSQL, MySQL), and ephemeral storage (Redis).<br>• Knowledge of asynchronous processing (Celery, Redis) and background task management.<br>• Experience with event-driven architectures (Kafka, RabbitMQ, or Azure Event Hub).<br>• Familiarity with GraphQL for API development.<br>• Prior experience working with authentication &amp; authorization frameworks (OAuth, JWT, Azure AD B2C).<br>• Knowledge of monitoring and logging (Azure Monitor, Application Insights).<br>• Excellent written and verbal communication skills, with the ability to explain technical concepts to non-technical stakeholders.<br>• Strong collaboration skills, working effectively with designers, product managers, and other engineers.<br>• Ability to document code, system architecture, and processes for knowledge sharing.<br>• Experience working in Agile development teams.<br>• Willingness to mentor junior developers and share best practices.<br>• Open to receiving and providing constructive feedback in a team environment.<br>• A growth mindset, continuously seeking to learn new technologies and improve skills.<br>• Ability to prioritize tasks effectively in a fast-paced development environment.<br>• Strong problem-solving skills with the ability to troubleshoot complex issues independently.<br>• Comfortable handling multiple projects and deadlines while maintaining quality.<br><br>&nbsp;</p><p>&nbsp;</p>"
20,Software Engineer,https://ph.jobstreet.com/job/82587709?type=standard&ref=search-standalone&origin=cardTitle#sol=4eb5f9c82ebab03db84c19718da9dd79982905de,Ubiquity,27d ago,"Manila City, Metro Manila",Developers/Programmers (Information &amp; Communication Technology),Full time,"<p>Ubiquity is hiring for a Software Engineer to join our team. Our Software Engineer plays an integral role in the operations of our Manila offi ce. A team player who is familiar with a variety of operating systems and platforms has an analytical mindset and a keen eye for detail.</p><ul><li><br><strong>What it will do:</strong><br>● Participate in the design and development of software applications such as enterprise services, web-based applications, and business support tool<br>● Develop new tools as well as enhancements to existing applications.<br>● Help the team to maintain Ubiquity's entire software stack<br>● Closely work with the Ubiquity operations team to identify requirements, enhancements and user interface improvements<br>● Continuously research and follow software development best practices, collaborating with the team to ensure high code quality and stability</li><li><br><strong>What do we need from you?</strong><br>● BS degree in Computer Science, similar technical fi eld of study or equivalent professional experience<br>● At least 2-3 years experience in web (frontend and backend) development using python and windows application development is a must.<br>● At least 1-year hands-on experience with low-level programming language such as HTML, CSS, Javascript (AJAX, JSON, JQuery)<br>● Knowledge or experience with Node.js is an advantage<br>● Mobile Development (iOS, Android, JQuery Mobile) experience is a plus<br>● Willing to work in BGC Taguig<br>● Must be fl exible with any shift schedule<br>● Preferably candidates can start asap.<br>● Nice to have:<br>○ DevOps<br>○ Docker Ubiquity</li></ul>"
21,Sr. Python/ AI Developer (LLM and AI) | Hybrid every Thursday,https://ph.jobstreet.com/job/82969402?type=standard&ref=search-standalone&origin=cardTitle#sol=855ab94abc88ab698bfcfb754cb1fc7971fb7efa,Insight,12d ago,"Ortigas, Pasig City, Metro Manila",Developers/Programmers (Information &amp; Communication Technology),Full time,"<p><strong>Position Summary:</strong></p><p>As a <strong>Sr. Python/AI Developer </strong>with Insight, you will be&nbsp;responsible for planning and designing solutions to meet client needs. Incumbents are accountable for defining processes for technical platforms, developing system specifications, and creating system interfaces and business applications.</p><p><strong>Job Details:</strong></p><ul><li><strong>Hybrid Setup:</strong> Every Thursday in office requirement | Ortigas, Pasig</li><li><strong>Morning Shift: </strong>Monday to Friday | 8AM to 5PM or 9AM to 6PM</li><li>Following AU holidays</li></ul><p><strong>Responsibilities:</strong></p><ul><li>Design and develop scalable, robust, testable, efficient, and easily maintainable Python applications.</li><li>Write reusable, testable, and efficient code.</li><li>Work closely with the clients and team members to understand end-user requirements and translate them into technical specifications.</li><li>Troubleshoot, debug, and upgrade existing systems.</li></ul><p><strong>Requirements:</strong></p><ul><li>Bachelor's degree in Computer Science, Engineering, or a related field</li><li><strong>Proven work experience as a Python Developer and with AI (LLM)</strong></li><li><strong>Strong knowledge of Python and its frameworks (e.g., Django, Flask)</strong></li><li>Knowledge and experience working with Python linting libraries: e.g. Pylint, Flake8, Black (also a formatter), MyPy (for type checking)</li><li>Strong knowledge and experience working with Python testing libraries: e.g. PyTest, Tox</li><li>Knowledge and experience using popular frameworks for developing AI agents such as Autodev and Crew</li><li>Experience with Azure as database is nice to have</li></ul>"
22,IT.Junior Developer,https://ph.jobstreet.com/job/83238227?type=standard&ref=search-standalone&origin=cardTitle#sol=89f4f9230b41d5c73dbea4e96b7ff59e5e969160,CITCO INTERNATIONAL SUPPORT SERVICES LIMITED-PHILIPPINE ROHQ,15h ago,"Makati City, Metro Manila",Developers/Programmers (Information &amp; Communication Technology),Full time,"<p><strong>About Citco</strong></p><p>Since the 1940s Citco has provided specialist financial services to alternative investment funds, investors,&nbsp;multinationals and private clients worldwide. With over 6,000 employees in 45 countries, we pioneer innovative solutions that meet our clients’ evolving needs and deliver exceptional service.&nbsp;</p><p>Our continuous investment in learning means our people are among the best in the industry. And our corporate social responsibility programs provide meaningful and fulfilling work in the community.</p><p>A career at Citco isn’t just a job – it’s an opportunity to excel in an environment that genuinely supports your personal and professional development.</p><p>&nbsp;</p><p><strong>About the Role:</strong>&nbsp;</p><p>You will be part of a new cross-functional team, using agile methodologies to build cloud native applications for the financial services industry. &nbsp;We are looking for true team players who can work beyond their specialty to help the team deliver.&nbsp; &nbsp;Each Team member is responsible for the quality of the product and should be willing to work on any tasks needed, be it front-end, back end, test automation, deployment automation, etc. The successful candidate will use their experience and knowledge to deliver the components of large systems and guide the evolution of our applications.</p><p>&nbsp;</p><p><strong>Job Duties in Brief:&nbsp;</strong></p><ul><li><p>Participate in agile team activities such as&nbsp;Sprint Planning,&nbsp;Sprint Execution,&nbsp;Daily Scrum,&nbsp;Sprint Review,&nbsp;Sprint Retrospective&nbsp;etc.</p></li><li><p>Develop front end React components</p></li><li><p>Develop and test server-side code using Python</p></li><li><p>Be comfortable using relational databases</p></li><li><p>Create and consume APIs&nbsp;</p><ul><li><p>Participate in peer reviews and ensure the quality of the team’s work&nbsp;</p></li><li><p>Design and implement unit, integration, and automation tests</p></li><li><p>Work on code integration and code deployment of existing modules as well as provide new pipelines for new modules (CI/CD)</p></li><li><p>Stay current on emerging technologies and be able to match them to Citco need when required&nbsp;&nbsp;&nbsp;&nbsp;&nbsp;&nbsp;&nbsp;</p></li></ul></li></ul><p><strong>About You:&nbsp;</strong></p><ul><li><p>Bachelor’s degree in Engineering, Computer Science, or equivalent</p></li><li><p>1-3 years of experience with Software engineering&nbsp;</p></li><li><p>1-3 years of experience with Python&nbsp;</p></li><li><p>1-3 years of experience with React JS</p></li><li><p>Excellent knowledge of HTML5, ES6, CSS3, JavaScript and JavaScript frameworks</p></li><li><p>Experience with source code management such as GIT</p></li><li><p>Exposure in designing and integrating RESTful APIs</p></li><li><p>Experience of working in Agile teams</p></li><li><p>Exposure of Kubernetes, Docker, and/or cloud deployment technologies (preferable)</p></li><li><p>Exposure to AWS is an asset</p></li><li><p>Solid understanding and demonstrated proficiency with core software development processes - debugging, code tuning, code management and branching, coding styles and refactoring&nbsp;</p></li><li><p>Experience in unit/integration testing</p></li><li><p>Must be self-motivated and driven, with strong analytical, problem solving, and communication skills.</p></li></ul><p>&nbsp;</p><p><strong>What We Offer:&nbsp;</strong></p><ul><li><p>A challenging and rewarding role in an award-winning global business.</p></li><li><p>Opportunities for personal and professional career development.&nbsp;</p></li><li><p>Great working environment, competitive salary and benefits, and opportunities for educational support.</p></li><li><p>Be part of an industry leading global team, renowned for excellence.</p></li><li><p>Hybrid working set-up.</p></li></ul><p>&nbsp;</p><p><strong>Our Benefits</strong></p><p>Your well-being is of paramount importance to us, and central to our success. We provide a range of benefits, training and education support, and flexible working arrangements to help you achieve success in your career while balancing personal needs. Ask us about specific benefits in your location.&nbsp;</p><p>We embrace diversity, prioritizing the hiring of people from diverse backgrounds. Our inclusive culture is a source of pride and strength, fostering innovation and mutual respect.</p><p>Citco welcomes and encourages applications from people with disabilities. Accommodations are available upon request for candidates taking part in all aspects of the selection.</p><p>&nbsp;</p>"
23,Software Engineer,https://ph.jobstreet.com/job/83142234?type=standard&ref=search-standalone&origin=cardTitle#sol=5b0fdb41878e50686e3a814690c50e554f0da4ea,N-PAX Group,5d ago,"Bonifacio Global City, Taguig City, Metro Manila",Developers/Programmers (Information &amp; Communication Technology),Full time,"<p>Job description:<br>* Collaborate with a team of developers to implement new features, troubleshot and fix issues of existing system(s).<br>* Develop and maintain cloud based (e.g. Azure, AWS, GCP), on-premise or hybrid systems.<br>* Develop and maintain systems for both back-end and front-end areas of the system.</p><p>&nbsp;</p><p>Requirements:<br>* Knowledge in back-end development using Python &amp; C#.&nbsp;<br>* Knowledgeable in FastAPI, pydantic, and other python libraries.<br>* Knowledgeable in database management using MySQL, SQL Alchemy, or any RDBMS.<br>* Knowledge in front-end development in any of this framework or libraries: ReactJS, NextJS, Blazor, Razor Pages, VueJS, Jotai.<br>* Knowledge in any of cloud services (Azure, AWS, GCP).</p>"
24,Software Engineer,https://ph.jobstreet.com/job/82609090?type=standard&ref=search-standalone&origin=cardTitle#sol=d327e8ab52d48b647aeabc6816171b47fc9d3362,"KYOCERA Document Solutions Development Philippines, Inc.",4d ago,"Cebu City, Cebu",Developers/Programmers (Information &amp; Communication Technology),Full time,"<p><strong>KYOCERA DOCUMENT SOLUTIONS DEVELOPMENT PHILIPPINES, INC.</strong></p><p>Is currently looking for:</p><p>&nbsp;</p><p><strong>SOFTWARE ENGINEER</strong></p><p>&nbsp;</p><p><strong>Role(s):</strong></p><ul><li>Firmware Engineer</li><li>Java Developer</li><li>Mobile Developer</li><li>UI/UX Developer</li><li>Web Developer</li><li>Windows Application Engineer</li></ul><p><strong>We offer:</strong></p><ul><li>One-time signing bonus (for experienced new hires)</li><li>Hybrid onsite and work-from-home schedule</li></ul><p><strong>Summary of responsibility:</strong></p><p>&nbsp;</p><p>Designs and develops software products including applications, and utilities that promote the sales of KYOCERA Document Solution printers and digital copier products worldwide.</p><p>&nbsp;</p><p>The project member performs various technical tasks for development for KYOCERA Document Solutions devices and PC software.</p><p>&nbsp;</p><p><strong>Core responsibilities:</strong></p><ul><li>Responsible for the software planning, design, implementation, progress, and quality delivery</li><li>Understands project requirements, change requirements, and execution of end-to-end traceability</li><li>Review requirements, design, source code, test specification, and products deliverables</li><li>Executes configuration plan and reports any problem related to configuration</li><li>Reports risks/issues and supports execution of preventive measures/countermeasures</li><li>Executes unit and white box testing. Reports, monitors, and fixes for any identified issues</li><li>Collaborate with System Evaluation and Quality Assurance Team</li></ul><p>&nbsp;</p><p><strong>Requirements:</strong></p><ul><li>Graduate of Bachelor of Science in Computer Science, Information Technology, Computer Engineering, Electronics and Communications/Electronics Engineering, Math, Physics, and other engineering or computer-related courses.</li><li>Preferably with related software development experience, but not necessary</li><li>Must have any of the following technical skills;</li><li>C/C+, Linux system programming, Image processing, basic electronics, and UML. Java 8, Objective C/Swift, Java/Kotlin, and C/C++. Angular, C#, and .Net Core Framework, C#, .Net Core Framework, and</li><li>Windows Programming. Photoshop, Illustrator, and Invision.</li><li>Good to have any of the following technical skills</li><li>QT Library, Java, HTML, CSS, JavaScript, Network Protocol (SOAP, HTTP, SNMP), Page Description Language (PDL). Linux, WS-SOAP, Win3. Adobe XD, Figma, and Sketch</li><li>Strong interpersonal and communication skills</li><li>A team player and highly collaborative</li><li>Proficient in research, reporting, and presentation</li><li>Enjoys analyzing and problem-solving skills</li><li>Creative and has a passion for innovation</li></ul><p>&nbsp;</p>"
25,Python Backend/Fullstack Engineer | Permanent WFH | Night Shift | Day 1 HMO,https://ph.jobstreet.com/job/82658419?type=standard&ref=search-standalone&origin=cardTitle#sol=ebe68aae8d71e1e2407fef31bcfc7533082798c8,Emapta,23d ago,Metro Manila,Engineering - Software (Information &amp; Communication Technology),Full time,"<p><strong>Code the Future, Engineer Your Success!</strong></p><p>Be at the forefront of innovation in the&nbsp;<strong>healthcare industry</strong>, where every line of code contributes to better patient care and groundbreaking advancements. This global role lets you make a meaningful impact while staying rooted at home. Drive change, tackle exciting challenges, and take your career to the next level in healthcare technology.</p><p><strong>Job Description</strong></p><p>As a <strong>Python Backend/Fullstack Engineer</strong>, you will design, develop, and maintain innovative web applications using Python. You'll collaborate with diverse teams to deliver scalable, high-performance solutions, optimize code, and contribute to the planning and successful execution of impactful software projects.</p><p><strong>Job Overview</strong></p><p>Employment Type: Full-Time<br>Shift: Night Shift; Mon - Fri, 09:00 PM to 06:00 AM, Weekends Off<br>Work Setup: Permanent Work From Home</p><p><strong>Exciting Perks Await!</strong></p><ul><li>Day 1 HMO coverage with free dependent</li><li>Competitive Salary Package</li><li>Permanent WFH arrangement</li><li>Fixed weekends off</li><li>Unlimited upskilling through Emapta Academy courses (Want to know more? Visit&nbsp;<strong>https://bit.ly/EmaptaTrainingCalendar</strong>)</li><li>Free 24/7 access to our office gyms (Ortigas and Makati) with a free physical fitness trainer!</li><li>Exclusive Emapta Lifestyle perks (hotel and restaurant discounts, and more!)</li><li>Unlimited opportunities for employee referral incentives across the organization</li><li>Standard government and Emapta benefits</li><li>Total of 20 annual leaves to be used on your own discretion (including 5 credits convertible to cash)</li><li>Fun engagement activities for employees</li><li>Mentorship and exposure to global leaders and teams</li><li>Career growth opportunities</li><li>Diverse and supportive work environment</li></ul><p><strong>The Qualifications We Seek</strong></p><ul><li>Bachelor’s degree in Computer Science, Software Engineering, or a related field.</li><li><strong>4+ years </strong>of hands-on<strong> Python development </strong>experience in <strong>web or software applications</strong> (strictly required).</li><li>Proficiency in backend development with strong knowledge of web application architecture and RESTful API design.</li><li>Experience with database management, including MySQL, PostgreSQL, or MongoDB.</li><li>Familiarity with version control systems, particularly Git.</li><li>Optional: Experience with front-end technologies, especially React (nice-to-have).</li><li>Strong problem-solving and analytical skills, with the ability to troubleshoot complex issues.</li><li>Ability to work independently and collaborate effectively in a team environment.</li><li><strong>Excellent communication skills,</strong> with the ability to convey technical concepts to non-technical stakeholders.</li><li><strong>Willing to work night shifts</strong> as required.</li></ul><p><strong>Your Daily Tasks</strong></p><ul><li>Collaborate with cross-functional teams to gather and analyze project requirements.</li><li>Design, develop, and maintain robust and scalable web applications using Python and React.</li><li>Write clean, maintainable, and efficient code while adhering to best practices and coding standards.</li><li>Implement responsive and user-friendly interfaces to enhance the overall user experience.</li><li>Integrate user-facing elements with server-side logic in collaboration with backend developers.</li><li>Troubleshoot, debug, and optimize code to improve performance and reliability.</li><li>Stay updated on industry trends and advancements to continuously refine development processes.</li><li>Conduct code reviews and provide constructive feedback to enhance team performance.</li><li>Collaborate with product managers and stakeholders to ensure the successful delivery of features and projects.</li><li>Plan and execute software development projects, ensuring adherence to timelines and milestones.</li></ul><p><strong>About the Client: Driving Innovation in the Healthcare Industry</strong></p><p>Our client is a leader in the&nbsp;<strong>healthcare industry</strong>, committed to advancing solutions that transform patient care and outcomes. With a focus on innovation and collaboration, they deliver cutting-edge technology to improve healthcare processes. Be part of a team that values your expertise while working on projects that make a difference globally.</p><p><strong>Welcome to Emapta Philippines!</strong></p><p>Join a team that values camaraderie, excellence, and growth. Recognized as one of the <strong>Top 20 Dream Companies of Filipinos in 2024</strong>, Emapta stands proudly alongside industry giants, offering stability and exciting career opportunities. Your career flourishes here with competitive compensation, international clients, and a work culture focused on collaboration and innovation. Work with global clients across industries, supported by a stable foundation and like-minded professionals passionate about making an impact. We empower your success with opportunities for personal and professional development in an inclusive environment. <strong>Apply now</strong> and discover the #EmaptaExperience!</p>"
26,Software Engineer,https://ph.jobstreet.com/job/82583396?type=standard&ref=search-standalone&origin=cardTitle#sol=14ed1a3ee5b619e5092f9429b4a852bbe6be4e53,SPi Global (now Straive),27d ago,"Calamba City, Laguna",Engineering - Software (Information &amp; Communication Technology),Full time,"<p>Join our dynamic team to develop and maintain cross-platform software solutions. We're seeking a talented Software Engineer with expertise in C#, VB.NET, JavaScript, Python, and PHP. You'll design, build, and optimize software for performance and scalability, collaborating closely with cross-functional teams in a fast-paced environment.<br><br><strong>Responsibilities:</strong></p><ul><li>Develop and maintain software solutions using C#, VB.NET, JavaScript, Python, and PHP.</li><li>Design and implement scalable and high-performance software systems.</li><li>Collaborate with cross-functional teams to deliver quality software.</li><li>Optimize software for performance, scalability, and maintainability.</li><li>Participate in code reviews and contribute to best practices.</li></ul><p><strong>Qualifications:</strong></p><ul><li>Proficiency in C#, VB.NET, JavaScript, Python, and PHP.</li><li>Experience in designing and developing software solutions.</li><li>Understanding of software development principles and best practices.</li><li>Ability to work in a fast-paced, collaborative environment.</li><li>Strong problem-solving and communication skills. &nbsp;&nbsp;</li></ul>"
27,Software Developer Role for Fresh Graduates,https://ph.jobstreet.com/job/83256230?type=standard&ref=search-standalone&origin=cardTitle#sol=e72ab3f23e7cedc930c99cd48306811bf83330b0,AMDOCS PHILIPPINES INC.,11m ago,"Pasig City, Metro Manila",Engineering - Software (Information &amp; Communication Technology),Full time,"<p><strong>Who are we?</strong></p><p>Amdocs helps those who build the future to make it amazing. With our market-leading portfolio of software products and services, we unlock our customers’ innovative potential, empowering them to provide next-generation communication and media experiences for both the individual end user and enterprise customers. Our 30,000 employees around the globe are here to accelerate service providers’ migration to the cloud, enable them to differentiate in the 5G era, and digitalize and automate their operations. Listed on the NASDAQ Global Select Market, Amdocs had revenue of$4.3 billion in fiscal 2021. For more information, visit Amdocs at ww.amdocs.com</p><p></p><p><strong>What will your job look like?</strong></p><p>• You will design, develop, modify, debug and/or maintain software code according to functional, non-functional and technical design specifications.</p><p>• You will follow Amdocs software engineering standards, applicable software development methodology and release processes, to ensure code is maintainable, scalable, and supportable, and demo the software products to stakeholders.</p><p>• You will investigate issues by reviewing/debugging code, provide fixes and workarounds, and review changes for operability to maintain existing software solutions.</p><p>• You will work within a team, collaborate and add value through participation in peer code reviews, provide comments and suggestions, and work with cross functional teams to achieve goals.</p><p>• You will assume technical accountability for your specific work products within an application and provide technical support during solution design for new requirements.</p><p>• You will be encouraged to actively look for innovation, continuous improvement, and efficiency in all assigned tasks.</p><p></p><p><strong>All you need is...</strong></p><p>• Bachelor's degree in Science/IT/Computer Science or equivalent</p><p>• Java experience (server side) on Linux/Unix/Windows</p><p>• Demonstrable experience with the Spring framework components - Spring Boot, MVC, Integration, Security, etc.</p><p>• Strong understanding of RESTful APIs and open systems</p>"
28,Junior Software Engineer,https://ph.jobstreet.com/job/82868040?type=standard&ref=search-standalone&origin=cardTitle#sol=f8f35087514101fa296f9cbf7f6b3c73a2292569,"CHAMP Cargosystems Philippines, Inc.",15d ago,"Taguig City, Metro Manila",Engineering - Software (Information &amp; Communication Technology),Full time,"<p><strong>Who we are</strong></p><p>CHAMP Cargosystems is building systems that power the business of cargo airlines all over the world providing solutions for the whole cargo management chain including reservation and booking management, revenue, handling &amp; customs declaration and balancing the weight of the cargo inside the plane.</p><p><strong>What we do</strong></p><p>We are currently in the process of building the next generation of cargo management applications using modern and widely use technologies and we are looking for motivated people to join our team of interdisciplinary developers.</p><p><strong>What we currently use</strong></p><ul><li>We build backend services with Java, Spring Boot, Web Services and Oracle / SQL Server / Mongo DB</li><li>We integrate with existing core Java Cargo applications via REST APIs</li><li>We build frontends with Angular and Ionic framework for mobile apps</li><li>We deploy to Linux servers, Windows servers, and AWS with ansible/ANT</li><li>We do continuous integration with Gitlab/Bamboo</li><li>We use Scrum to organize ourselves</li></ul><p><strong>What we expect from you</strong></p><ul><li>Perform several roles such as program coder, tester and technical support&nbsp;</li><li>Collaborate with other software engineers in the performance of assigned tasks.</li><li>Translate design specifications into program codes; enforce the Company’s software engineering methodology and standards.</li><li>Champion good code quality practices towards reliable, performant and maintainable solutions</li><li>Participate in the technical discussions on project updates/ in resolving technical issues.</li><li>Produce clean, efficient code based on specifications.</li><li>Troubleshoot, debug and upgrade existing software.</li><li>Participate in the unit tests and to provide support during system implementation/ migration activities.</li><li>Assist in the preparation of project documentation.</li></ul><p><strong>What we require from you</strong></p><ul><li>Bachelor’s Degree in Information Technology, Computer Science, Computer Engineering or Equivalent</li><li>Must have&nbsp;2 years’&nbsp;experience in Java &amp; object-oriented programming with SQL skills&nbsp;</li><li>Understanding in the following framework or technology is a plus: Spring Boot, REST API, XML, HTML, Angular&nbsp;</li><li>Experienced in using the following tools – SVN, Tortoise, Eclipse, Maven or Ant or similar</li><li>With good SQL skills on databases (Oracle, SQL Server)</li><li>Experience in SCRUM and DevOps practices is a plus</li><li>Excellent analytical and problem-solving skills</li><li>Strong interpersonal skills</li><li>Good command of English language is a must</li></ul><p><strong>What you can expect from us</strong></p><ul><li>Working environment, learning tools and opportunities to grow your technical and professional career&nbsp;&nbsp;</li><li>The possibility to have an impact on the direction to take</li><li>Technical challenges to solve</li><li>The opportunity to work within an interesting industry</li><li>To work with people from many different countries</li></ul><p>&nbsp;</p><p>&nbsp;</p><p>&nbsp;</p><p>CHAMP Cargosystems is an equal opportunity employer and prohibits discrimination and harassment of any kind. We are committed to the principle of equal employment opportunity for all employees and to providing employees with a work environment free of discrimination and harassment. All employment decisions are based on business needs, job requirements and individual qualifications, without regard to race, ethnic background, religion or belief, family or parental status, or any other status protected by the laws or regulations in the locations where we operate.</p><p>Please note that any personal data that you submit along with your application will be processed by CHAMP and may be processed by any of its global entities as necessary. These data will be treated in strict compliance with the applicable data protection legislation (i.e. the Law of 2 August 2002 on the protection of individuals with regard to the processing of personal data, as amended, and Regulation (EU) 2016/679 of the European Parliament and of the Council of 27 April 2016, - the GDPR -, which entered into force on 25 May 2018, as well as any other subsequent regulation).</p><p>Further details on what is considered personal data, how it is processed by CHAMP as well as your rights in this regard can be found&nbsp;here. Any questions relating to this should be addressed to CHAMP’s Data Protection Officer:</p><p>Gertrud Huberty<br>2, rue Edmond Reuter<br>Zone d'Activités ""Weiergewan""<br>L-5326 Contern<br>Luxembourg</p><p>Email:&nbsp;&nbsp;<a data-contact-match=""true"" href=""mailto:dpo@champ.aero"">dpo@champ.aero</a>&nbsp; (Please do not use this email to send job application)</p>"
29,Software Engineer,https://ph.jobstreet.com/job/83137146?type=standard&ref=search-standalone&origin=cardTitle#sol=4db126771cc75d1c140995983e70f6bbe2f42957,Manpower Philippines,5d ago,Metro Manila,Engineering - Software (Information &amp; Communication Technology),Full time,"<p><strong><em>Key Responsibilities </em></strong></p><ul><li><p>Develop, test, and deploy high-quality software applications.</p></li><li><p>Collaborate with product managers, designers, and other engineers to define and implement new features.</p></li><li><p>Write clean, efficient, and maintainable code following best practices.</p></li><li><p>Debug and troubleshoot issues to enhance application performance and reliability.</p></li><li><p>Participate in code reviews to ensure code quality and share knowledge with team members.</p></li><li><p>Stay updated with emerging technologies and industry trends to improve development processes.</p></li><li><p>Contribute to system architecture discussions and technical documentation.</p><p><strong>Qualifications</strong></p></li><li><p>Bachelor’s degree in Computer Science, Engineering, or a related field (or equivalent experience).</p></li><li><p>years of experience in software development using [Programming Languages – e.g., Python, Java, JavaScript, C#].</p></li><li><p>Proficiency in front-end and/or back-end technologies (e.g., React, Angular, Node.js, .NET, Django).</p></li><li><p>Experience with databases (SQL, NoSQL) and cloud platforms (AWS, Azure, Google Cloud).</p></li><li><p>Strong problem-solving skills and ability to work in a collaborative environment.</p></li><li><p>Familiarity with agile development methodologies (Scrum, Kanban). </p></li><li><p>Excellent communication skills and a proactive mindset.</p></li></ul><p><br></p>"
